{
  "hash": "58e1867d",
  "configHash": "d4863d52",
  "lockfileHash": "49b47796",
  "browserHash": "08a802f8",
  "optimized": {
    "@angular/common": {
      "src": "../../../../../../node_modules/@angular/common/fesm2022/common.mjs",
      "file": "@angular_common.js",
      "fileHash": "3440882d",
      "needsInterop": false
    },
    "@angular/core": {
      "src": "../../../../../../node_modules/@angular/core/fesm2022/core.mjs",
      "file": "@angular_core.js",
      "fileHash": "7c4b59b1",
      "needsInterop": false
    },
    "@angular/platform-browser": {
      "src": "../../../../../../node_modules/@angular/platform-browser/fesm2022/platform-browser.mjs",
      "file": "@angular_platform-browser.js",
      "fileHash": "aea524bd",
      "needsInterop": false
    },
    "@angular/router": {
      "src": "../../../../../../node_modules/@angular/router/fesm2022/router.mjs",
      "file": "@angular_router.js",
      "fileHash": "b319790c",
      "needsInterop": false
    }
  },
  "chunks": {
    "chunk-3GMVWLJ2": {
      "file": "chunk-3GMVWLJ2.js"
    },
    "chunk-5DJCEBCG": {
      "file": "chunk-5DJCEBCG.js"
    },
    "chunk-LRG62GTB": {
      "file": "chunk-LRG62GTB.js"
    }
  }
}